issue,country,yes,abstain,no
Arms control and disarmament,Afghanistan,59,NA,NA
Arms control and disarmament,Albania,27,16,19
Arms control and disarmament,Algeria,56,6,NA
Arms control and disarmament,Andorra,37,19,6
Arms control and disarmament,Angola,55,5,NA
Arms control and disarmament,Antigua & Barbuda,60,NA,NA
Arms control and disarmament,Argentina,55,7,NA
Arms control and disarmament,Armenia,32,29,NA
Arms control and disarmament,Australia,25,17,20
Arms control and disarmament,Austria,40,18,4
Arms control and disarmament,Azerbaijan,60,2,NA
Arms control and disarmament,Bahamas,62,NA,NA
Arms control and disarmament,Bahrain,62,NA,NA
Arms control and disarmament,Bangladesh,62,NA,NA
Arms control and disarmament,Barbados,61,NA,NA
Arms control and disarmament,Belarus,43,18,1
Arms control and disarmament,Belgium,26,18,18
Arms control and disarmament,Belize,59,1,NA
Arms control and disarmament,Benin,59,1,NA
Arms control and disarmament,Bhutan,56,6,NA
Arms control and disarmament,Bolivia,53,5,NA
Arms control and disarmament,Bosnia & Herzegovina,28,22,11
Arms control and disarmament,Botswana,61,NA,NA
Arms control and disarmament,Brazil,55,7,NA
Arms control and disarmament,Brunei,62,NA,NA
Arms control and disarmament,Bulgaria,29,17,16
Arms control and disarmament,Burkina Faso,61,NA,NA
Arms control and disarmament,Burundi,56,2,2
Arms control and disarmament,Cambodia,59,1,2
Arms control and disarmament,Cameroon,39,3,NA
Arms control and disarmament,Canada,26,19,17
Arms control and disarmament,Cape Verde,61,NA,NA
Arms control and disarmament,Central African Republic,43,3,NA
Arms control and disarmament,Chad,42,NA,NA
Arms control and disarmament,Chile,62,NA,NA
Arms control and disarmament,China,41,8,11
Arms control and disarmament,Colombia,62,NA,NA
Arms control and disarmament,Comoros,58,1,1
Arms control and disarmament,Congo - Brazzaville,58,NA,2
Arms control and disarmament,Congo - Kinshasa,52,NA,NA
Arms control and disarmament,Costa Rica,60,2,NA
Arms control and disarmament,Côte d’Ivoire,60,2,NA
Arms control and disarmament,Croatia,28,16,18
Arms control and disarmament,Cuba,51,11,NA
Arms control and disarmament,Cyprus,42,14,6
Arms control and disarmament,Czechia,25,16,21
Arms control and disarmament,Denmark,25,19,18
Arms control and disarmament,Djibouti,62,NA,NA
Arms control and disarmament,Dominica,8,NA,NA
Arms control and disarmament,Dominican Republic,61,NA,NA
Arms control and disarmament,Ecuador,56,6,NA
Arms control and disarmament,Egypt,53,9,NA
Arms control and disarmament,El Salvador,61,NA,NA
Arms control and disarmament,Equatorial Guinea,42,2,NA
Arms control and disarmament,Eritrea,60,1,NA
Arms control and disarmament,Estonia,27,12,23
Arms control and disarmament,Eswatini,53,4,NA
Arms control and disarmament,Ethiopia,59,3,NA
Arms control and disarmament,Fiji,57,2,NA
Arms control and disarmament,Finland,31,26,5
Arms control and disarmament,France,20,17,25
Arms control and disarmament,Gabon,56,NA,NA
Arms control and disarmament,Gambia,60,NA,NA
Arms control and disarmament,Georgia,23,31,6
Arms control and disarmament,Germany,25,19,18
Arms control and disarmament,Ghana,62,NA,NA
Arms control and disarmament,Greece,31,15,16
Arms control and disarmament,Grenada,39,NA,NA
Arms control and disarmament,Guatemala,62,NA,NA
Arms control and disarmament,Guinea,41,NA,NA
Arms control and disarmament,Guinea-Bissau,59,NA,NA
Arms control and disarmament,Guyana,60,2,NA
Arms control and disarmament,Haiti,24,3,1
Arms control and disarmament,Honduras,62,NA,NA
Arms control and disarmament,Hungary,25,15,22
Arms control and disarmament,Iceland,29,21,12
Arms control and disarmament,India,37,15,10
Arms control and disarmament,Indonesia,60,2,NA
Arms control and disarmament,Iran,50,8,4
Arms control and disarmament,Iraq,61,1,NA
Arms control and disarmament,Ireland,38,17,6
Arms control and disarmament,Israel,11,14,37
Arms control and disarmament,Italy,26,19,17
Arms control and disarmament,Jamaica,62,NA,NA
Arms control and disarmament,Japan,36,23,3
Arms control and disarmament,Jordan,62,NA,NA
Arms control and disarmament,Kazakhstan,59,3,NA
Arms control and disarmament,Kenya,57,4,NA
Arms control and disarmament,Kiribati,40,NA,NA
Arms control and disarmament,Kuwait,61,1,NA
Arms control and disarmament,Kyrgyzstan,52,7,NA
Arms control and disarmament,Laos,60,1,NA
Arms control and disarmament,Latvia,28,11,23
Arms control and disarmament,Lebanon,57,3,NA
Arms control and disarmament,Lesotho,61,1,NA
Arms control and disarmament,Liberia,51,4,NA
Arms control and disarmament,Libya,62,NA,NA
Arms control and disarmament,Liechtenstein,39,18,4
Arms control and disarmament,Lithuania,24,15,23
Arms control and disarmament,Luxembourg,26,18,18
Arms control and disarmament,Madagascar,60,1,NA
Arms control and disarmament,Malawi,60,NA,NA
Arms control and disarmament,Malaysia,62,NA,NA
Arms control and disarmament,Maldives,62,NA,NA
Arms control and disarmament,Mali,42,20,NA
Arms control and disarmament,Malta,40,14,7
Arms control and disarmament,Marshall Islands,31,12,3
Arms control and disarmament,Mauritania,61,NA,NA
Arms control and disarmament,Mauritius,61,NA,NA
Arms control and disarmament,Mexico,59,3,NA
Arms control and disarmament,Micronesia (Federated States of),18,8,16
Arms control and disarmament,Moldova,41,14,6
Arms control and disarmament,Monaco,23,17,18
Arms control and disarmament,Mongolia,60,1,NA
Arms control and disarmament,Montenegro,28,16,18
Arms control and disarmament,Morocco,62,NA,NA
Arms control and disarmament,Mozambique,62,NA,NA
Arms control and disarmament,Myanmar (Burma),55,7,NA
Arms control and disarmament,Namibia,58,3,NA
Arms control and disarmament,Nauru,33,NA,NA
Arms control and disarmament,Nepal,61,1,NA
Arms control and disarmament,Netherlands,25,20,17
Arms control and disarmament,New Zealand,39,16,6
Arms control and disarmament,Nicaragua,55,4,3
Arms control and disarmament,Niger,31,1,NA
Arms control and disarmament,Nigeria,56,4,NA
Arms control and disarmament,North Korea,25,20,7
Arms control and disarmament,North Macedonia,31,20,11
Arms control and disarmament,Norway,29,18,15
Arms control and disarmament,Oman,59,2,NA
Arms control and disarmament,Pakistan,43,14,5
Arms control and disarmament,Palau,42,6,3
Arms control and disarmament,Panama,59,3,NA
Arms control and disarmament,Papua New Guinea,45,1,NA
Arms control and disarmament,Paraguay,62,NA,NA
Arms control and disarmament,Peru,62,NA,NA
Arms control and disarmament,Philippines,60,2,NA
Arms control and disarmament,Poland,25,14,23
Arms control and disarmament,Portugal,29,17,16
Arms control and disarmament,Qatar,61,1,NA
Arms control and disarmament,Romania,26,14,22
Arms control and disarmament,Russia,21,15,26
Arms control and disarmament,Rwanda,47,9,NA
Arms control and disarmament,Samoa,54,6,NA
Arms control and disarmament,San Marino,41,17,4
Arms control and disarmament,São Tomé & Príncipe,33,NA,NA
Arms control and disarmament,Saudi Arabia,60,2,NA
Arms control and disarmament,Senegal,60,NA,NA
Arms control and disarmament,Seychelles,32,NA,NA
Arms control and disarmament,Sierra Leone,61,NA,NA
Arms control and disarmament,Singapore,60,2,NA
Arms control and disarmament,Slovakia,28,16,18
Arms control and disarmament,Slovenia,28,16,18
Arms control and disarmament,Solomon Islands,53,NA,NA
Arms control and disarmament,Somalia,27,NA,NA
Arms control and disarmament,South Africa,53,8,1
Arms control and disarmament,South Korea,24,18,20
Arms control and disarmament,South Sudan,14,NA,NA
Arms control and disarmament,Spain,28,17,17
Arms control and disarmament,Sri Lanka,60,2,NA
Arms control and disarmament,St. Kitts & Nevis,50,NA,NA
Arms control and disarmament,St. Lucia,62,NA,NA
Arms control and disarmament,St. Vincent & Grenadines,59,NA,NA
Arms control and disarmament,Sudan,60,2,NA
Arms control and disarmament,Suriname,55,3,NA
Arms control and disarmament,Sweden,38,17,6
Arms control and disarmament,Switzerland,40,16,5
Arms control and disarmament,Syria,46,5,7
Arms control and disarmament,Tajikistan,56,4,NA
Arms control and disarmament,Tanzania,50,3,NA
Arms control and disarmament,Thailand,61,1,NA
Arms control and disarmament,Timor-Leste,60,NA,NA
Arms control and disarmament,Togo,62,NA,NA
Arms control and disarmament,Tonga,33,5,NA
Arms control and disarmament,Trinidad & Tobago,60,NA,NA
Arms control and disarmament,Tunisia,61,1,NA
Arms control and disarmament,Turkey,30,14,18
Arms control and disarmament,Turkmenistan,52,NA,NA
Arms control and disarmament,Tuvalu,46,6,NA
Arms control and disarmament,Uganda,55,5,NA
Arms control and disarmament,Ukraine,27,22,13
Arms control and disarmament,United Arab Emirates,61,1,NA
Arms control and disarmament,United Kingdom,24,9,29
Arms control and disarmament,United States,15,10,37
Arms control and disarmament,Uruguay,62,NA,NA
Arms control and disarmament,Uzbekistan,41,13,NA
Arms control and disarmament,Vanuatu,60,NA,NA
Arms control and disarmament,Venezuela,53,9,NA
Arms control and disarmament,Vietnam,60,1,NA
Arms control and disarmament,Yemen,61,1,NA
Arms control and disarmament,Yugoslavia,34,23,1
Arms control and disarmament,Zambia,60,NA,NA
Arms control and disarmament,Zimbabwe,46,9,4
Colonialism,Afghanistan,35,NA,NA
Colonialism,Albania,18,9,8
Colonialism,Algeria,31,4,NA
Colonialism,Andorra,24,9,2
Colonialism,Angola,33,1,NA
Colonialism,Antigua & Barbuda,35,NA,NA
Colonialism,Argentina,31,4,NA
Colonialism,Armenia,24,11,NA
Colonialism,Australia,14,9,12
Colonialism,Austria,20,12,3
Colonialism,Azerbaijan,35,NA,NA
Colonialism,Bahamas,35,NA,NA
Colonialism,Bahrain,35,NA,NA
Colonialism,Bangladesh,34,1,NA
Colonialism,Barbados,35,NA,NA
Colonialism,Belarus,30,4,NA
Colonialism,Belgium,18,10,7
Colonialism,Belize,33,1,NA
Colonialism,Benin,24,NA,NA
Colonialism,Bhutan,33,1,NA
Colonialism,Bolivia,30,1,NA
Colonialism,Bosnia & Herzegovina,20,10,5
Colonialism,Botswana,34,1,NA
Colonialism,Brazil,30,5,NA
Colonialism,Brunei,35,NA,NA
Colonialism,Bulgaria,19,9,7
Colonialism,Burkina Faso,32,NA,NA
Colonialism,Burundi,33,1,NA
Colonialism,Cambodia,34,NA,1
Colonialism,Cameroon,21,9,NA
Colonialism,Canada,11,10,14
Colonialism,Cape Verde,35,NA,NA
Colonialism,Central African Republic,27,2,NA
Colonialism,Chad,21,NA,NA
Colonialism,Chile,34,1,NA
Colonialism,China,27,2,5
Colonialism,Colombia,32,3,NA
Colonialism,Comoros,24,NA,NA
Colonialism,Congo - Brazzaville,33,NA,1
Colonialism,Congo - Kinshasa,20,1,1
Colonialism,Costa Rica,31,4,NA
Colonialism,Côte d’Ivoire,31,2,1
Colonialism,Croatia,19,9,7
Colonialism,Cuba,31,4,NA
Colonialism,Cyprus,24,7,4
Colonialism,Czechia,18,9,8
Colonialism,Denmark,18,10,7
Colonialism,Djibouti,34,NA,NA
Colonialism,Dominica,4,NA,NA
Colonialism,Dominican Republic,35,NA,NA
Colonialism,Ecuador,32,3,NA
Colonialism,Egypt,31,4,NA
Colonialism,El Salvador,34,1,NA
Colonialism,Equatorial Guinea,19,NA,NA
Colonialism,Eritrea,34,1,NA
Colonialism,Estonia,18,8,9
Colonialism,Eswatini,25,1,NA
Colonialism,Ethiopia,33,2,NA
Colonialism,Fiji,33,2,NA
Colonialism,Finland,20,12,3
Colonialism,France,13,12,10
Colonialism,Gabon,32,1,1
Colonialism,Gambia,32,NA,NA
Colonialism,Georgia,17,14,4
Colonialism,Germany,18,10,7
Colonialism,Ghana,23,NA,NA
Colonialism,Greece,21,7,7
Colonialism,Grenada,27,NA,NA
Colonialism,Guatemala,29,5,1
Colonialism,Guinea,19,NA,NA
Colonialism,Guinea-Bissau,23,NA,NA
Colonialism,Guyana,34,1,NA
Colonialism,Haiti,18,1,1
Colonialism,Honduras,27,7,1
Colonialism,Hungary,18,9,8
Colonialism,Iceland,19,10,6
Colonialism,India,27,6,2
Colonialism,Indonesia,34,1,NA
Colonialism,Iran,31,3,1
Colonialism,Iraq,34,NA,1
Colonialism,Ireland,19,11,4
Colonialism,Israel,3,5,27
Colonialism,Italy,18,10,7
Colonialism,Jamaica,34,1,NA
Colonialism,Japan,22,9,4
Colonialism,Jordan,35,NA,NA
Colonialism,Kazakhstan,32,3,NA
Colonialism,Kenya,33,2,NA
Colonialism,Kiribati,17,1,NA
Colonialism,Kuwait,35,NA,NA
Colonialism,Kyrgyzstan,30,3,NA
Colonialism,Laos,35,NA,NA
Colonialism,Latvia,19,7,9
Colonialism,Lebanon,34,1,NA
Colonialism,Lesotho,33,1,NA
Colonialism,Liberia,13,6,NA
Colonialism,Libya,35,NA,NA
Colonialism,Liechtenstein,20,11,3
Colonialism,Lithuania,18,8,9
Colonialism,Luxembourg,18,10,7
Colonialism,Madagascar,30,NA,NA
Colonialism,Malawi,23,NA,NA
Colonialism,Malaysia,35,NA,NA
Colonialism,Maldives,35,NA,NA
Colonialism,Mali,30,5,NA
Colonialism,Malta,23,7,4
Colonialism,Marshall Islands,15,6,11
Colonialism,Mauritania,34,1,NA
Colonialism,Mauritius,35,NA,NA
Colonialism,Mexico,27,8,NA
Colonialism,Micronesia (Federated States of),10,4,14
Colonialism,Moldova,23,8,4
Colonialism,Monaco,17,10,7
Colonialism,Mongolia,32,2,NA
Colonialism,Montenegro,19,9,7
Colonialism,Morocco,33,NA,2
Colonialism,Mozambique,35,NA,NA
Colonialism,Myanmar (Burma),23,5,NA
Colonialism,Namibia,32,2,NA
Colonialism,Nauru,15,1,7
Colonialism,Nepal,35,NA,NA
Colonialism,Netherlands,18,10,7
Colonialism,New Zealand,20,10,4
Colonialism,Nicaragua,34,NA,1
Colonialism,Niger,22,NA,NA
Colonialism,Nigeria,29,2,NA
Colonialism,North Korea,24,5,3
Colonialism,North Macedonia,20,8,7
Colonialism,Norway,19,9,7
Colonialism,Oman,35,NA,NA
Colonialism,Pakistan,28,6,1
Colonialism,Palau,16,7,7
Colonialism,Panama,31,4,NA
Colonialism,Papua New Guinea,12,7,NA
Colonialism,Paraguay,28,7,NA
Colonialism,Peru,33,2,NA
Colonialism,Philippines,33,2,NA
Colonialism,Poland,18,8,9
Colonialism,Portugal,19,9,7
Colonialism,Qatar,34,1,NA
Colonialism,Romania,18,8,9
Colonialism,Russia,20,5,10
Colonialism,Rwanda,23,7,NA
Colonialism,Samoa,32,3,NA
Colonialism,San Marino,22,10,3
Colonialism,São Tomé & Príncipe,18,1,NA
Colonialism,Saudi Arabia,35,NA,NA
Colonialism,Senegal,34,1,NA
Colonialism,Seychelles,22,NA,NA
Colonialism,Sierra Leone,34,NA,NA
Colonialism,Singapore,34,1,NA
Colonialism,Slovakia,19,9,7
Colonialism,Slovenia,19,9,7
Colonialism,Solomon Islands,26,7,NA
Colonialism,Somalia,7,NA,NA
Colonialism,South Africa,30,4,1
Colonialism,South Korea,16,11,8
Colonialism,South Sudan,19,6,NA
Colonialism,Spain,19,9,7
Colonialism,Sri Lanka,33,1,NA
Colonialism,St. Kitts & Nevis,35,NA,NA
Colonialism,St. Lucia,34,NA,NA
Colonialism,St. Vincent & Grenadines,35,NA,NA
Colonialism,Sudan,35,NA,NA
Colonialism,Suriname,34,1,NA
Colonialism,Sweden,20,10,4
Colonialism,Switzerland,20,13,1
Colonialism,Syria,30,NA,4
Colonialism,Tajikistan,33,2,NA
Colonialism,Tanzania,27,NA,NA
Colonialism,Thailand,34,1,NA
Colonialism,Timor-Leste,33,1,NA
Colonialism,Togo,23,12,NA
Colonialism,Tonga,16,9,NA
Colonialism,Trinidad & Tobago,35,NA,NA
Colonialism,Tunisia,33,2,NA
Colonialism,Turkey,22,7,6
Colonialism,Turkmenistan,34,NA,NA
Colonialism,Tuvalu,24,5,NA
Colonialism,Uganda,33,1,NA
Colonialism,Ukraine,18,10,7
Colonialism,United Arab Emirates,34,1,NA
Colonialism,United Kingdom,15,6,14
Colonialism,United States,5,4,26
Colonialism,Uruguay,34,1,NA
Colonialism,Uzbekistan,32,2,NA
Colonialism,Vanuatu,28,7,NA
Colonialism,Venezuela,31,4,NA
Colonialism,Vietnam,35,NA,NA
Colonialism,Yemen,35,NA,NA
Colonialism,Yugoslavia,22,9,2
Colonialism,Zambia,35,NA,NA
Colonialism,Zimbabwe,27,6,1
Economic development,Afghanistan,50,1,1
Economic development,Albania,33,9,12
Economic development,Algeria,45,8,1
Economic development,Andorra,38,9,6
Economic development,Angola,50,3,NA
Economic development,Antigua & Barbuda,51,1,NA
Economic development,Argentina,51,3,NA
Economic development,Armenia,37,15,1
Economic development,Australia,30,9,15
Economic development,Austria,37,11,6
Economic development,Azerbaijan,50,3,NA
Economic development,Bahamas,50,1,NA
Economic development,Bahrain,52,2,NA
Economic development,Bangladesh,51,3,NA
Economic development,Barbados,53,1,NA
Economic development,Belarus,41,10,2
Economic development,Belgium,33,10,11
Economic development,Belize,52,1,NA
Economic development,Benin,48,1,NA
Economic development,Bhutan,52,2,NA
Economic development,Bolivia,40,7,1
Economic development,Bosnia & Herzegovina,36,10,6
Economic development,Botswana,49,3,NA
Economic development,Brazil,50,4,NA
Economic development,Brunei,50,2,1
Economic development,Bulgaria,33,10,11
Economic development,Burkina Faso,53,1,NA
Economic development,Burundi,47,2,3
Economic development,Cambodia,50,1,2
Economic development,Cameroon,43,4,NA
Economic development,Canada,31,10,13
Economic development,Cape Verde,52,NA,NA
Economic development,Central African Republic,44,2,NA
Economic development,Chad,42,NA,NA
Economic development,Chile,51,3,NA
Economic development,China,42,5,7
Economic development,Colombia,53,1,NA
Economic development,Comoros,39,1,1
Economic development,Congo - Brazzaville,48,NA,3
Economic development,Congo - Kinshasa,43,2,NA
Economic development,Costa Rica,54,NA,NA
Economic development,Côte d’Ivoire,50,4,NA
Economic development,Croatia,33,10,11
Economic development,Cuba,43,8,3
Economic development,Cyprus,39,8,7
Economic development,Czechia,32,7,15
Economic development,Denmark,33,8,13
Economic development,Djibouti,51,1,1
Economic development,Dominica,22,NA,NA
Economic development,Dominican Republic,52,1,NA
Economic development,Ecuador,49,5,NA
Economic development,Egypt,44,7,2
Economic development,El Salvador,53,1,NA
Economic development,Equatorial Guinea,33,3,NA
Economic development,Eritrea,50,2,NA
Economic development,Estonia,33,8,13
Economic development,Eswatini,41,3,NA
Economic development,Ethiopia,52,2,NA
Economic development,Fiji,50,3,NA
Economic development,Finland,35,11,8
Economic development,France,31,7,15
Economic development,Gabon,42,NA,NA
Economic development,Gambia,52,NA,NA
Economic development,Georgia,31,16,6
Economic development,Germany,33,8,13
Economic development,Ghana,50,NA,NA
Economic development,Greece,36,7,11
Economic development,Grenada,45,NA,NA
Economic development,Guatemala,52,2,NA
Economic development,Guinea,33,2,NA
Economic development,Guinea-Bissau,40,NA,NA
Economic development,Guyana,53,1,NA
Economic development,Haiti,39,2,1
Economic development,Honduras,52,2,NA
Economic development,Hungary,31,9,14
Economic development,Iceland,34,9,10
Economic development,India,44,8,2
Economic development,Indonesia,49,4,1
Economic development,Iran,43,4,6
Economic development,Iraq,50,3,1
Economic development,Ireland,39,8,7
Economic development,Israel,12,2,35
Economic development,Italy,31,12,11
Economic development,Jamaica,54,NA,NA
Economic development,Japan,36,12,6
Economic development,Jordan,49,2,1
Economic development,Kazakhstan,49,3,NA
Economic development,Kenya,49,4,NA
Economic development,Kiribati,34,NA,NA
Economic development,Kuwait,48,3,1
Economic development,Kyrgyzstan,41,6,NA
Economic development,Laos,47,3,1
Economic development,Latvia,33,8,13
Economic development,Lebanon,47,5,NA
Economic development,Lesotho,51,1,NA
Economic development,Liberia,38,6,NA
Economic development,Libya,48,3,1
Economic development,Liechtenstein,38,10,6
Economic development,Lithuania,33,8,13
Economic development,Luxembourg,34,9,11
Economic development,Madagascar,52,2,NA
Economic development,Malawi,50,1,NA
Economic development,Malaysia,50,2,1
Economic development,Maldives,51,1,1
Economic development,Mali,44,9,NA
Economic development,Malta,39,8,7
Economic development,Marshall Islands,37,4,5
Economic development,Mauritania,52,1,NA
Economic development,Mauritius,53,NA,NA
Economic development,Mexico,52,2,NA
Economic development,Micronesia (Federated States of),31,2,7
Economic development,Moldova,39,8,6
Economic development,Monaco,35,8,10
Economic development,Mongolia,52,2,NA
Economic development,Montenegro,34,9,11
Economic development,Morocco,51,2,1
Economic development,Mozambique,52,1,NA
Economic development,Myanmar (Burma),46,6,NA
Economic development,Namibia,49,4,NA
Economic development,Nauru,32,NA,3
Economic development,Nepal,53,1,NA
Economic development,Netherlands,33,7,13
Economic development,New Zealand,38,11,5
Economic development,Nicaragua,45,4,5
Economic development,Niger,45,1,NA
Economic development,Nigeria,50,1,NA
Economic development,North Korea,35,9,4
Economic development,North Macedonia,34,10,10
Economic development,Norway,34,11,9
Economic development,Oman,47,4,1
Economic development,Pakistan,43,8,2
Economic development,Palau,36,4,1
Economic development,Panama,52,1,NA
Economic development,Papua New Guinea,33,4,1
Economic development,Paraguay,50,1,NA
Economic development,Peru,53,1,NA
Economic development,Philippines,52,1,1
Economic development,Poland,32,8,14
Economic development,Portugal,35,8,11
Economic development,Qatar,49,4,1
Economic development,Romania,32,9,13
Economic development,Russia,36,5,13
Economic development,Rwanda,30,8,NA
Economic development,Samoa,51,2,NA
Economic development,San Marino,39,9,6
Economic development,São Tomé & Príncipe,34,NA,NA
Economic development,Saudi Arabia,51,2,1
Economic development,Senegal,50,2,NA
Economic development,Seychelles,44,NA,NA
Economic development,Sierra Leone,54,NA,NA
Economic development,Singapore,51,3,NA
Economic development,Slovakia,33,9,11
Economic development,Slovenia,34,9,11
Economic development,Solomon Islands,48,NA,NA
Economic development,Somalia,16,NA,NA
Economic development,South Africa,49,4,NA
Economic development,South Korea,32,12,10
Economic development,South Sudan,18,NA,1
Economic development,Spain,34,9,11
Economic development,Sri Lanka,49,4,NA
Economic development,St. Kitts & Nevis,50,NA,NA
Economic development,St. Lucia,53,NA,NA
Economic development,St. Vincent & Grenadines,54,NA,NA
Economic development,Sudan,48,4,1
Economic development,Suriname,47,3,NA
Economic development,Sweden,37,8,9
Economic development,Switzerland,35,14,5
Economic development,Syria,41,2,9
Economic development,Tajikistan,47,4,NA
Economic development,Tanzania,42,4,NA
Economic development,Thailand,53,1,NA
Economic development,Timor-Leste,51,NA,NA
Economic development,Togo,53,NA,NA
Economic development,Tonga,31,5,NA
Economic development,Trinidad & Tobago,53,NA,NA
Economic development,Tunisia,49,3,1
Economic development,Turkey,36,13,5
Economic development,Turkmenistan,34,NA,NA
Economic development,Tuvalu,33,1,NA
Economic development,Uganda,45,7,NA
Economic development,Ukraine,31,11,11
Economic development,United Arab Emirates,51,2,1
Economic development,United Kingdom,31,6,17
Economic development,United States,10,4,40
Economic development,Uruguay,54,NA,NA
Economic development,Uzbekistan,44,5,NA
Economic development,Vanuatu,48,2,NA
Economic development,Venezuela,44,7,3
Economic development,Vietnam,51,NA,1
Economic development,Yemen,50,3,1
Economic development,Yugoslavia,36,11,3
Economic development,Zambia,51,1,NA
Economic development,Zimbabwe,40,6,5
Human rights,Afghanistan,52,4,4
Human rights,Albania,34,18,14
Human rights,Algeria,55,8,3
Human rights,Andorra,34,19,13
Human rights,Angola,52,10,NA
Human rights,Antigua & Barbuda,52,2,NA
Human rights,Argentina,58,8,NA
Human rights,Armenia,39,18,6
Human rights,Australia,26,14,25
Human rights,Austria,34,18,14
Human rights,Azerbaijan,56,1,NA
Human rights,Bahamas,61,3,1
Human rights,Bahrain,60,5,1
Human rights,Bangladesh,55,10,1
Human rights,Barbados,62,NA,1
Human rights,Belarus,42,6,15
Human rights,Belgium,34,18,14
Human rights,Belize,60,2,1
Human rights,Benin,52,6,NA
Human rights,Bhutan,56,9,NA
Human rights,Bolivia,53,2,6
Human rights,Bosnia & Herzegovina,31,20,14
Human rights,Botswana,60,5,1
Human rights,Brazil,50,13,3
Human rights,Brunei,54,8,4
Human rights,Bulgaria,34,18,14
Human rights,Burkina Faso,51,3,NA
Human rights,Burundi,41,5,9
Human rights,Cambodia,53,2,9
Human rights,Cameroon,37,29,NA
Human rights,Canada,24,12,30
Human rights,Cape Verde,61,5,NA
Human rights,Central African Republic,48,10,NA
Human rights,Chad,43,4,1
Human rights,Chile,60,6,NA
Human rights,China,48,4,13
Human rights,Colombia,49,16,1
Human rights,Comoros,48,7,1
Human rights,Congo - Brazzaville,52,6,NA
Human rights,Congo - Kinshasa,32,6,1
Human rights,Costa Rica,60,6,NA
Human rights,Côte d’Ivoire,50,15,NA
Human rights,Croatia,34,18,14
Human rights,Cuba,50,4,9
Human rights,Cyprus,37,15,14
Human rights,Czechia,34,13,19
Human rights,Denmark,34,16,16
Human rights,Djibouti,63,2,NA
Human rights,Dominica,25,1,NA
Human rights,Dominican Republic,56,10,NA
Human rights,Ecuador,56,9,NA
Human rights,Egypt,54,11,1
Human rights,El Salvador,63,3,NA
Human rights,Equatorial Guinea,44,9,NA
Human rights,Eritrea,47,6,6
Human rights,Estonia,34,18,14
Human rights,Eswatini,31,2,NA
Human rights,Ethiopia,50,15,1
Human rights,Fiji,42,20,NA
Human rights,Finland,34,16,16
Human rights,France,34,13,19
Human rights,Gabon,56,9,NA
Human rights,Gambia,54,6,NA
Human rights,Georgia,31,18,14
Human rights,Germany,34,13,19
Human rights,Ghana,46,15,NA
Human rights,Greece,35,18,13
Human rights,Grenada,37,3,1
Human rights,Guatemala,51,8,7
Human rights,Guinea,53,10,1
Human rights,Guinea-Bissau,43,6,NA
Human rights,Guyana,59,7,NA
Human rights,Haiti,46,8,NA
Human rights,Honduras,52,9,5
Human rights,Hungary,34,16,16
Human rights,Iceland,35,17,14
Human rights,India,53,6,7
Human rights,Indonesia,54,9,3
Human rights,Iran,41,9,10
Human rights,Iraq,54,6,5
Human rights,Ireland,36,16,14
Human rights,Israel,25,1,40
Human rights,Italy,34,18,14
Human rights,Jamaica,56,8,1
Human rights,Japan,30,20,16
Human rights,Jordan,57,8,NA
Human rights,Kazakhstan,55,5,6
Human rights,Kenya,49,16,NA
Human rights,Kiribati,30,8,1
Human rights,Kuwait,57,8,1
Human rights,Kyrgyzstan,51,6,7
Human rights,Laos,49,14,3
Human rights,Latvia,34,18,14
Human rights,Lebanon,53,4,3
Human rights,Lesotho,48,15,NA
Human rights,Liberia,47,9,NA
Human rights,Libya,55,8,NA
Human rights,Liechtenstein,34,18,14
Human rights,Lithuania,34,18,14
Human rights,Luxembourg,36,16,14
Human rights,Madagascar,42,4,NA
Human rights,Malawi,46,8,NA
Human rights,Malaysia,56,9,NA
Human rights,Maldives,62,3,1
Human rights,Mali,56,10,NA
Human rights,Malta,36,16,14
Human rights,Marshall Islands,26,2,30
Human rights,Mauritania,56,8,2
Human rights,Mauritius,57,8,NA
Human rights,Mexico,46,20,NA
Human rights,Micronesia (Federated States of),25,2,25
Human rights,Moldova,36,16,14
Human rights,Monaco,36,16,14
Human rights,Mongolia,48,16,NA
Human rights,Montenegro,34,18,14
Human rights,Morocco,58,5,NA
Human rights,Mozambique,53,11,NA
Human rights,Myanmar (Burma),33,6,9
Human rights,Namibia,54,12,NA
Human rights,Nauru,23,11,19
Human rights,Nepal,52,12,NA
Human rights,Netherlands,34,16,16
Human rights,New Zealand,34,17,15
Human rights,Nicaragua,51,3,9
Human rights,Niger,40,7,NA
Human rights,Nigeria,49,10,NA
Human rights,North Korea,42,5,11
Human rights,North Macedonia,34,18,14
Human rights,Norway,34,18,14
Human rights,Oman,55,7,4
Human rights,Pakistan,54,8,3
Human rights,Palau,23,13,8
Human rights,Panama,59,7,NA
Human rights,Papua New Guinea,36,25,2
Human rights,Paraguay,45,15,NA
Human rights,Peru,55,11,NA
Human rights,Philippines,49,10,7
Human rights,Poland,34,18,14
Human rights,Portugal,36,16,14
Human rights,Qatar,59,5,1
Human rights,Romania,34,18,14
Human rights,Russia,44,10,12
Human rights,Rwanda,34,21,NA
Human rights,Samoa,51,8,NA
Human rights,San Marino,34,18,14
Human rights,São Tomé & Príncipe,24,6,NA
Human rights,Saudi Arabia,60,5,1
Human rights,Senegal,55,6,NA
Human rights,Seychelles,49,1,NA
Human rights,Sierra Leone,57,7,NA
Human rights,Singapore,51,14,1
Human rights,Slovakia,34,18,14
Human rights,Slovenia,34,18,14
Human rights,Solomon Islands,42,13,4
Human rights,Somalia,44,4,NA
Human rights,South Africa,54,7,5
Human rights,South Korea,30,22,14
Human rights,South Sudan,12,16,NA
Human rights,Spain,34,18,14
Human rights,Sri Lanka,56,10,NA
Human rights,St. Kitts & Nevis,61,NA,1
Human rights,St. Lucia,60,3,1
Human rights,St. Vincent & Grenadines,51,11,1
Human rights,Sudan,52,10,4
Human rights,Suriname,53,9,NA
Human rights,Sweden,34,15,17
Human rights,Switzerland,35,20,11
Human rights,Syria,43,9,12
Human rights,Tajikistan,52,9,3
Human rights,Tanzania,52,13,NA
Human rights,Thailand,53,13,NA
Human rights,Timor-Leste,55,6,NA
Human rights,Togo,43,23,NA
Human rights,Tonga,15,28,NA
Human rights,Trinidad & Tobago,51,11,1
Human rights,Tunisia,58,7,NA
Human rights,Turkey,39,9,15
Human rights,Turkmenistan,45,1,3
Human rights,Tuvalu,51,6,NA
Human rights,Uganda,48,8,4
Human rights,Ukraine,33,14,18
Human rights,United Arab Emirates,60,6,NA
Human rights,United Kingdom,34,12,20
Human rights,United States,22,3,41
Human rights,Uruguay,56,10,NA
Human rights,Uzbekistan,50,4,8
Human rights,Vanuatu,48,13,NA
Human rights,Venezuela,50,6,9
Human rights,Vietnam,51,9,6
Human rights,Yemen,61,3,1
Human rights,Yugoslavia,28,14,19
Human rights,Zambia,50,12,NA
Human rights,Zimbabwe,49,5,12
Nuclear weapons and nuclear material,Afghanistan,57,NA,NA
Nuclear weapons and nuclear material,Albania,17,10,32
Nuclear weapons and nuclear material,Algeria,56,3,NA
Nuclear weapons and nuclear material,Andorra,31,19,9
Nuclear weapons and nuclear material,Angola,55,3,NA
Nuclear weapons and nuclear material,Antigua & Barbuda,58,NA,NA
Nuclear weapons and nuclear material,Argentina,50,9,NA
Nuclear weapons and nuclear material,Armenia,24,35,NA
Nuclear weapons and nuclear material,Australia,15,17,27
Nuclear weapons and nuclear material,Austria,42,11,6
Nuclear weapons and nuclear material,Azerbaijan,58,NA,NA
Nuclear weapons and nuclear material,Bahamas,59,NA,NA
Nuclear weapons and nuclear material,Bahrain,59,NA,NA
Nuclear weapons and nuclear material,Bangladesh,59,NA,NA
Nuclear weapons and nuclear material,Barbados,59,NA,NA
Nuclear weapons and nuclear material,Belarus,38,21,NA
Nuclear weapons and nuclear material,Belgium,17,11,31
Nuclear weapons and nuclear material,Belize,57,NA,NA
Nuclear weapons and nuclear material,Benin,57,1,NA
Nuclear weapons and nuclear material,Bhutan,57,2,NA
Nuclear weapons and nuclear material,Bolivia,54,1,NA
Nuclear weapons and nuclear material,Bosnia & Herzegovina,18,21,20
Nuclear weapons and nuclear material,Botswana,59,NA,NA
Nuclear weapons and nuclear material,Brazil,51,8,NA
Nuclear weapons and nuclear material,Brunei,59,NA,NA
Nuclear weapons and nuclear material,Bulgaria,18,13,28
Nuclear weapons and nuclear material,Burkina Faso,59,NA,NA
Nuclear weapons and nuclear material,Burundi,56,NA,1
Nuclear weapons and nuclear material,Cambodia,58,NA,NA
Nuclear weapons and nuclear material,Cameroon,27,8,NA
Nuclear weapons and nuclear material,Canada,17,16,26
Nuclear weapons and nuclear material,Cape Verde,59,NA,NA
Nuclear weapons and nuclear material,Central African Republic,38,2,NA
Nuclear weapons and nuclear material,Chad,40,NA,NA
Nuclear weapons and nuclear material,Chile,58,NA,NA
Nuclear weapons and nuclear material,China,30,12,15
Nuclear weapons and nuclear material,Colombia,59,NA,NA
Nuclear weapons and nuclear material,Comoros,56,NA,1
Nuclear weapons and nuclear material,Congo - Brazzaville,56,NA,NA
Nuclear weapons and nuclear material,Congo - Kinshasa,54,NA,NA
Nuclear weapons and nuclear material,Costa Rica,57,2,NA
Nuclear weapons and nuclear material,Côte d’Ivoire,57,2,NA
Nuclear weapons and nuclear material,Croatia,18,10,31
Nuclear weapons and nuclear material,Cuba,54,5,NA
Nuclear weapons and nuclear material,Cyprus,42,9,8
Nuclear weapons and nuclear material,Czechia,15,9,35
Nuclear weapons and nuclear material,Denmark,15,12,32
Nuclear weapons and nuclear material,Djibouti,59,NA,NA
Nuclear weapons and nuclear material,Dominica,14,NA,NA
Nuclear weapons and nuclear material,Dominican Republic,58,NA,NA
Nuclear weapons and nuclear material,Ecuador,55,4,NA
Nuclear weapons and nuclear material,Egypt,53,6,NA
Nuclear weapons and nuclear material,El Salvador,59,NA,NA
Nuclear weapons and nuclear material,Equatorial Guinea,41,1,NA
Nuclear weapons and nuclear material,Eritrea,59,NA,NA
Nuclear weapons and nuclear material,Estonia,17,7,35
Nuclear weapons and nuclear material,Eswatini,53,2,NA
Nuclear weapons and nuclear material,Ethiopia,56,3,NA
Nuclear weapons and nuclear material,Fiji,56,1,NA
Nuclear weapons and nuclear material,Finland,24,23,12
Nuclear weapons and nuclear material,France,11,10,38
Nuclear weapons and nuclear material,Gabon,56,NA,NA
Nuclear weapons and nuclear material,Gambia,56,NA,NA
Nuclear weapons and nuclear material,Georgia,14,37,5
Nuclear weapons and nuclear material,Germany,15,12,32
Nuclear weapons and nuclear material,Ghana,59,NA,NA
Nuclear weapons and nuclear material,Greece,21,10,28
Nuclear weapons and nuclear material,Grenada,40,NA,NA
Nuclear weapons and nuclear material,Guatemala,59,NA,NA
Nuclear weapons and nuclear material,Guinea,33,NA,NA
Nuclear weapons and nuclear material,Guinea-Bissau,57,NA,NA
Nuclear weapons and nuclear material,Guyana,57,2,NA
Nuclear weapons and nuclear material,Haiti,16,3,NA
Nuclear weapons and nuclear material,Honduras,59,NA,NA
Nuclear weapons and nuclear material,Hungary,15,9,35
Nuclear weapons and nuclear material,Iceland,18,19,22
Nuclear weapons and nuclear material,India,26,25,8
Nuclear weapons and nuclear material,Indonesia,57,2,NA
Nuclear weapons and nuclear material,Iran,52,7,NA
Nuclear weapons and nuclear material,Iraq,59,NA,NA
Nuclear weapons and nuclear material,Ireland,40,10,8
Nuclear weapons and nuclear material,Israel,6,11,42
Nuclear weapons and nuclear material,Italy,15,13,31
Nuclear weapons and nuclear material,Jamaica,59,NA,NA
Nuclear weapons and nuclear material,Japan,27,29,3
Nuclear weapons and nuclear material,Jordan,59,NA,NA
Nuclear weapons and nuclear material,Kazakhstan,59,NA,NA
Nuclear weapons and nuclear material,Kenya,58,NA,NA
Nuclear weapons and nuclear material,Kiribati,35,1,NA
Nuclear weapons and nuclear material,Kuwait,59,NA,NA
Nuclear weapons and nuclear material,Kyrgyzstan,50,3,NA
Nuclear weapons and nuclear material,Laos,59,NA,NA
Nuclear weapons and nuclear material,Latvia,18,6,35
Nuclear weapons and nuclear material,Lebanon,59,NA,NA
Nuclear weapons and nuclear material,Lesotho,58,1,NA
Nuclear weapons and nuclear material,Liberia,47,6,NA
Nuclear weapons and nuclear material,Libya,58,NA,NA
Nuclear weapons and nuclear material,Liechtenstein,41,11,6
Nuclear weapons and nuclear material,Lithuania,14,10,35
Nuclear weapons and nuclear material,Luxembourg,15,12,32
Nuclear weapons and nuclear material,Madagascar,59,NA,NA
Nuclear weapons and nuclear material,Malawi,57,NA,NA
Nuclear weapons and nuclear material,Malaysia,59,NA,NA
Nuclear weapons and nuclear material,Maldives,59,NA,NA
Nuclear weapons and nuclear material,Mali,37,21,NA
Nuclear weapons and nuclear material,Malta,42,7,9
Nuclear weapons and nuclear material,Marshall Islands,23,18,2
Nuclear weapons and nuclear material,Mauritania,59,NA,NA
Nuclear weapons and nuclear material,Mauritius,54,4,NA
Nuclear weapons and nuclear material,Mexico,57,2,NA
Nuclear weapons and nuclear material,Micronesia (Federated States of),10,10,17
Nuclear weapons and nuclear material,Moldova,42,8,8
Nuclear weapons and nuclear material,Monaco,13,9,31
Nuclear weapons and nuclear material,Mongolia,58,NA,NA
Nuclear weapons and nuclear material,Montenegro,18,10,31
Nuclear weapons and nuclear material,Morocco,59,NA,NA
Nuclear weapons and nuclear material,Mozambique,59,NA,NA
Nuclear weapons and nuclear material,Myanmar (Burma),56,3,NA
Nuclear weapons and nuclear material,Namibia,56,2,NA
Nuclear weapons and nuclear material,Nauru,31,NA,NA
Nuclear weapons and nuclear material,Nepal,59,NA,NA
Nuclear weapons and nuclear material,Netherlands,18,11,30
Nuclear weapons and nuclear material,New Zealand,40,10,8
Nuclear weapons and nuclear material,Nicaragua,57,2,NA
Nuclear weapons and nuclear material,Niger,33,NA,NA
Nuclear weapons and nuclear material,Nigeria,54,4,NA
Nuclear weapons and nuclear material,North Korea,14,28,8
Nuclear weapons and nuclear material,North Macedonia,21,21,17
Nuclear weapons and nuclear material,Norway,20,12,27
Nuclear weapons and nuclear material,Oman,59,NA,NA
Nuclear weapons and nuclear material,Pakistan,29,25,5
Nuclear weapons and nuclear material,Palau,45,2,3
Nuclear weapons and nuclear material,Panama,56,3,NA
Nuclear weapons and nuclear material,Papua New Guinea,42,NA,NA
Nuclear weapons and nuclear material,Paraguay,59,NA,NA
Nuclear weapons and nuclear material,Peru,59,NA,NA
Nuclear weapons and nuclear material,Philippines,57,2,NA
Nuclear weapons and nuclear material,Poland,15,9,35
Nuclear weapons and nuclear material,Portugal,18,13,28
Nuclear weapons and nuclear material,Qatar,59,NA,NA
Nuclear weapons and nuclear material,Romania,15,10,34
Nuclear weapons and nuclear material,Russia,11,12,36
Nuclear weapons and nuclear material,Rwanda,48,5,NA
Nuclear weapons and nuclear material,Samoa,54,3,NA
Nuclear weapons and nuclear material,San Marino,43,10,6
Nuclear weapons and nuclear material,São Tomé & Príncipe,33,NA,NA
Nuclear weapons and nuclear material,Saudi Arabia,59,NA,NA
Nuclear weapons and nuclear material,Senegal,57,NA,NA
Nuclear weapons and nuclear material,Seychelles,33,NA,NA
Nuclear weapons and nuclear material,Sierra Leone,59,NA,NA
Nuclear weapons and nuclear material,Singapore,57,2,NA
Nuclear weapons and nuclear material,Slovakia,18,9,32
Nuclear weapons and nuclear material,Slovenia,19,8,32
Nuclear weapons and nuclear material,Solomon Islands,56,NA,NA
Nuclear weapons and nuclear material,Somalia,24,NA,NA
Nuclear weapons and nuclear material,South Africa,49,9,1
Nuclear weapons and nuclear material,South Korea,14,13,32
Nuclear weapons and nuclear material,South Sudan,12,NA,NA
Nuclear weapons and nuclear material,Spain,18,11,30
Nuclear weapons and nuclear material,Sri Lanka,58,1,NA
Nuclear weapons and nuclear material,St. Kitts & Nevis,51,NA,NA
Nuclear weapons and nuclear material,St. Lucia,59,NA,NA
Nuclear weapons and nuclear material,St. Vincent & Grenadines,56,NA,NA
Nuclear weapons and nuclear material,Sudan,59,NA,NA
Nuclear weapons and nuclear material,Suriname,56,1,NA
Nuclear weapons and nuclear material,Sweden,37,13,8
Nuclear weapons and nuclear material,Switzerland,39,11,8
Nuclear weapons and nuclear material,Syria,41,7,3
Nuclear weapons and nuclear material,Tajikistan,51,2,NA
Nuclear weapons and nuclear material,Tanzania,54,NA,NA
Nuclear weapons and nuclear material,Thailand,58,1,NA
Nuclear weapons and nuclear material,Timor-Leste,59,NA,NA
Nuclear weapons and nuclear material,Togo,58,NA,NA
Nuclear weapons and nuclear material,Tonga,38,2,NA
Nuclear weapons and nuclear material,Trinidad & Tobago,57,NA,NA
Nuclear weapons and nuclear material,Tunisia,58,NA,NA
Nuclear weapons and nuclear material,Turkey,19,10,30
Nuclear weapons and nuclear material,Turkmenistan,49,NA,NA
Nuclear weapons and nuclear material,Tuvalu,49,2,NA
Nuclear weapons and nuclear material,Uganda,57,NA,NA
Nuclear weapons and nuclear material,Ukraine,18,24,17
Nuclear weapons and nuclear material,United Arab Emirates,58,1,NA
Nuclear weapons and nuclear material,United Kingdom,12,9,38
Nuclear weapons and nuclear material,United States,6,10,43
Nuclear weapons and nuclear material,Uruguay,58,NA,NA
Nuclear weapons and nuclear material,Uzbekistan,39,11,NA
Nuclear weapons and nuclear material,Vanuatu,57,NA,NA
Nuclear weapons and nuclear material,Venezuela,55,4,NA
Nuclear weapons and nuclear material,Vietnam,59,NA,NA
Nuclear weapons and nuclear material,Yemen,59,NA,NA
Nuclear weapons and nuclear material,Yugoslavia,24,34,1
Nuclear weapons and nuclear material,Zambia,57,NA,NA
Nuclear weapons and nuclear material,Zimbabwe,45,10,NA
Palestinian conflict,Afghanistan,46,NA,NA
Palestinian conflict,Albania,38,11,NA
Palestinian conflict,Algeria,48,NA,NA
Palestinian conflict,Andorra,38,11,1
Palestinian conflict,Angola,43,NA,NA
Palestinian conflict,Antigua & Barbuda,38,1,NA
Palestinian conflict,Argentina,43,7,NA
Palestinian conflict,Armenia,41,9,NA
Palestinian conflict,Australia,10,19,21
Palestinian conflict,Austria,38,10,2
Palestinian conflict,Azerbaijan,47,NA,NA
Palestinian conflict,Bahamas,46,1,NA
Palestinian conflict,Bahrain,49,NA,NA
Palestinian conflict,Bangladesh,50,NA,NA
Palestinian conflict,Barbados,31,NA,NA
Palestinian conflict,Belarus,38,7,NA
Palestinian conflict,Belgium,38,11,1
Palestinian conflict,Belize,41,NA,NA
Palestinian conflict,Benin,30,1,NA
Palestinian conflict,Bhutan,48,1,NA
Palestinian conflict,Bolivia,49,1,NA
Palestinian conflict,Bosnia & Herzegovina,37,12,1
Palestinian conflict,Botswana,47,3,NA
Palestinian conflict,Brazil,38,8,4
Palestinian conflict,Brunei,49,1,NA
Palestinian conflict,Bulgaria,38,10,2
Palestinian conflict,Burkina Faso,37,NA,NA
Palestinian conflict,Burundi,31,1,1
Palestinian conflict,Cambodia,47,NA,NA
Palestinian conflict,Cameroon,1,47,1
Palestinian conflict,Canada,2,7,41
Palestinian conflict,Cape Verde,46,2,NA
Palestinian conflict,Central African Republic,25,16,NA
Palestinian conflict,Chad,25,1,NA
Palestinian conflict,Chile,50,NA,NA
Palestinian conflict,China,49,NA,1
Palestinian conflict,Colombia,38,9,3
Palestinian conflict,Comoros,32,NA,NA
Palestinian conflict,Congo - Brazzaville,44,1,NA
Palestinian conflict,Congo - Kinshasa,1,1,NA
Palestinian conflict,Costa Rica,48,2,NA
Palestinian conflict,Côte d’Ivoire,29,19,1
Palestinian conflict,Croatia,37,12,1
Palestinian conflict,Cuba,49,NA,1
Palestinian conflict,Cyprus,44,5,1
Palestinian conflict,Czechia,37,10,3
Palestinian conflict,Denmark,38,10,2
Palestinian conflict,Djibouti,48,NA,NA
Palestinian conflict,Dominica,5,NA,NA
Palestinian conflict,Dominican Republic,46,4,NA
Palestinian conflict,Ecuador,49,1,NA
Palestinian conflict,Egypt,49,NA,1
Palestinian conflict,El Salvador,48,NA,NA
Palestinian conflict,Equatorial Guinea,21,1,NA
Palestinian conflict,Eritrea,39,2,1
Palestinian conflict,Estonia,38,10,2
Palestinian conflict,Eswatini,4,3,NA
Palestinian conflict,Ethiopia,46,3,NA
Palestinian conflict,Fiji,24,23,NA
Palestinian conflict,Finland,38,11,1
Palestinian conflict,France,38,11,1
Palestinian conflict,Gabon,40,NA,NA
Palestinian conflict,Gambia,48,NA,NA
Palestinian conflict,Georgia,37,11,1
Palestinian conflict,Germany,38,10,2
Palestinian conflict,Ghana,25,11,NA
Palestinian conflict,Greece,38,10,2
Palestinian conflict,Grenada,17,NA,NA
Palestinian conflict,Guatemala,7,28,15
Palestinian conflict,Guinea,48,NA,NA
Palestinian conflict,Guinea-Bissau,18,1,NA
Palestinian conflict,Guyana,49,NA,NA
Palestinian conflict,Haiti,16,10,NA
Palestinian conflict,Honduras,10,29,11
Palestinian conflict,Hungary,37,7,6
Palestinian conflict,Iceland,41,8,1
Palestinian conflict,India,49,NA,NA
Palestinian conflict,Indonesia,49,NA,NA
Palestinian conflict,Iran,49,NA,NA
Palestinian conflict,Iraq,49,NA,1
Palestinian conflict,Ireland,38,11,1
Palestinian conflict,Israel,1,NA,49
Palestinian conflict,Italy,38,11,1
Palestinian conflict,Jamaica,46,4,NA
Palestinian conflict,Japan,38,11,1
Palestinian conflict,Jordan,49,NA,NA
Palestinian conflict,Kazakhstan,48,NA,NA
Palestinian conflict,Kenya,46,2,NA
Palestinian conflict,Kiribati,1,10,7
Palestinian conflict,Kuwait,49,1,NA
Palestinian conflict,Kyrgyzstan,49,NA,NA
Palestinian conflict,Laos,49,1,NA
Palestinian conflict,Latvia,36,12,1
Palestinian conflict,Lebanon,49,NA,NA
Palestinian conflict,Lesotho,37,3,NA
Palestinian conflict,Liberia,5,6,NA
Palestinian conflict,Libya,47,NA,NA
Palestinian conflict,Liechtenstein,38,11,1
Palestinian conflict,Lithuania,38,10,2
Palestinian conflict,Luxembourg,38,11,1
Palestinian conflict,Madagascar,8,NA,NA
Palestinian conflict,Malawi,11,8,NA
Palestinian conflict,Malaysia,50,NA,NA
Palestinian conflict,Maldives,48,NA,NA
Palestinian conflict,Mali,50,NA,NA
Palestinian conflict,Malta,44,5,1
Palestinian conflict,Marshall Islands,1,6,41
Palestinian conflict,Mauritania,49,NA,NA
Palestinian conflict,Mauritius,50,NA,NA
Palestinian conflict,Mexico,27,22,1
Palestinian conflict,Micronesia (Federated States of),1,6,41
Palestinian conflict,Moldova,38,8,3
Palestinian conflict,Monaco,38,11,1
Palestinian conflict,Mongolia,39,3,NA
Palestinian conflict,Montenegro,37,11,NA
Palestinian conflict,Morocco,49,1,NA
Palestinian conflict,Mozambique,49,1,NA
Palestinian conflict,Myanmar (Burma),2,4,NA
Palestinian conflict,Namibia,49,NA,NA
Palestinian conflict,Nauru,NA,10,37
Palestinian conflict,Nepal,47,1,NA
Palestinian conflict,Netherlands,38,10,2
Palestinian conflict,New Zealand,38,11,1
Palestinian conflict,Nicaragua,49,NA,NA
Palestinian conflict,Niger,26,NA,NA
Palestinian conflict,Nigeria,37,4,NA
Palestinian conflict,North Korea,49,NA,NA
Palestinian conflict,North Macedonia,38,11,1
Palestinian conflict,Norway,38,11,1
Palestinian conflict,Oman,49,NA,1
Palestinian conflict,Pakistan,49,NA,NA
Palestinian conflict,Palau,NA,12,13
Palestinian conflict,Panama,32,17,1
Palestinian conflict,Papua New Guinea,10,36,2
Palestinian conflict,Paraguay,26,24,NA
Palestinian conflict,Peru,41,9,NA
Palestinian conflict,Philippines,46,4,NA
Palestinian conflict,Poland,37,12,1
Palestinian conflict,Portugal,38,11,1
Palestinian conflict,Qatar,47,1,NA
Palestinian conflict,Romania,37,11,2
Palestinian conflict,Russia,40,9,1
Palestinian conflict,Rwanda,7,32,NA
Palestinian conflict,Samoa,32,15,NA
Palestinian conflict,San Marino,37,11,1
Palestinian conflict,São Tomé & Príncipe,10,NA,NA
Palestinian conflict,Saudi Arabia,49,NA,1
Palestinian conflict,Senegal,48,NA,NA
Palestinian conflict,Seychelles,32,NA,NA
Palestinian conflict,Sierra Leone,41,NA,NA
Palestinian conflict,Singapore,49,1,NA
Palestinian conflict,Slovakia,38,10,2
Palestinian conflict,Slovenia,38,11,1
Palestinian conflict,Solomon Islands,5,25,9
Palestinian conflict,Somalia,28,NA,NA
Palestinian conflict,South Africa,48,NA,NA
Palestinian conflict,South Korea,38,11,1
Palestinian conflict,South Sudan,3,38,1
Palestinian conflict,Spain,38,11,1
Palestinian conflict,Sri Lanka,49,NA,NA
Palestinian conflict,St. Kitts & Nevis,35,NA,NA
Palestinian conflict,St. Lucia,47,NA,NA
Palestinian conflict,St. Vincent & Grenadines,49,NA,NA
Palestinian conflict,Sudan,49,NA,1
Palestinian conflict,Suriname,47,NA,NA
Palestinian conflict,Sweden,38,11,1
Palestinian conflict,Switzerland,38,11,1
Palestinian conflict,Syria,49,NA,1
Palestinian conflict,Tajikistan,47,NA,NA
Palestinian conflict,Tanzania,41,NA,NA
Palestinian conflict,Thailand,47,3,NA
Palestinian conflict,Timor-Leste,36,3,NA
Palestinian conflict,Togo,8,39,1
Palestinian conflict,Tonga,12,26,NA
Palestinian conflict,Trinidad & Tobago,35,1,NA
Palestinian conflict,Tunisia,49,NA,NA
Palestinian conflict,Turkey,49,1,NA
Palestinian conflict,Turkmenistan,44,NA,NA
Palestinian conflict,Tuvalu,10,9,NA
Palestinian conflict,Uganda,40,1,NA
Palestinian conflict,Ukraine,37,11,1
Palestinian conflict,United Arab Emirates,49,1,NA
Palestinian conflict,United Kingdom,38,9,3
Palestinian conflict,United States,1,2,47
Palestinian conflict,Uruguay,47,3,NA
Palestinian conflict,Uzbekistan,47,NA,NA
Palestinian conflict,Vanuatu,2,41,NA
Palestinian conflict,Venezuela,49,1,NA
Palestinian conflict,Vietnam,49,1,NA
Palestinian conflict,Yemen,47,NA,1
Palestinian conflict,Yugoslavia,38,11,1
Palestinian conflict,Zambia,46,NA,NA
Palestinian conflict,Zimbabwe,47,1,NA
